{"stats":{"minecraft:custom":{"minecraft:jump":18,"minecraft:time_since_rest":1783,"minecraft:leave_game":3,"minecraft:crouch_one_cm":111,"minecraft:play_time":1783,"minecraft:sprint_one_cm":2992,"minecraft:time_since_death":1783,"minecraft:walk_one_cm":3851,"minecraft:sneak_time":13,"minecraft:total_world_time":1783,"minecraft:fall_one_cm":418,"minecraft:fly_one_cm":3129},"minecraft:mined":{"minecraft:spruce_leaves":1,"minecraft:spruce_log":4},"minecraft:crafted":{"minecraft:spruce_planks":16},"minecraft:picked_up":{"minecraft:stick":2,"minecraft:spruce_log":4}},"DataVersion":3465}