{"stats":{"minecraft:picked_up":{"minecraft:stick":2,"minecraft:spruce_log":3},"minecraft:mined":{"minecraft:spruce_leaves":1,"minecraft:spruce_log":3},"minecraft:custom":{"minecraft:jump":17,"minecraft:time_since_rest":1460,"minecraft:crouch_one_cm":111,"minecraft:leave_game":2,"minecraft:play_time":1460,"minecraft:sprint_one_cm":2441,"minecraft:time_since_death":1460,"minecraft:walk_one_cm":3302,"minecraft:sneak_time":13,"minecraft:total_world_time":1460,"minecraft:fall_one_cm":418,"minecraft:fly_one_cm":2844}},"DataVersion":3465}