{"stats":{"minecraft:used":{"minecraft:crafting_table":1,"minecraft:bread":4,"minecraft:stone_pickaxe":5,"minecraft:wooden_pickaxe":4},"minecraft:mined":{"minecraft:iron_ore":1,"minecraft:stone":8,"minecraft:spruce_log":6,"projectvibrantjourneys:bones":1,"projectvibrantjourneys:bark_mushroom":1,"projectvibrantjourneys:fallen_leaves":1},"minecraft:custom":{"minecraft:time_since_rest":2533,"minecraft:crouch_one_cm":959,"minecraft:play_time":2533,"minecraft:sprint_one_cm":3846,"minecraft:damage_taken":161,"minecraft:walk_one_cm":6785,"minecraft:sneak_time":388,"minecraft:mob_kills":1,"minecraft:jump":25,"minecraft:leave_game":1,"minecraft:time_since_death":2533,"minecraft:total_world_time":2533,"minecraft:interact_with_crafting_table":2,"minecraft:fall_one_cm":418,"minecraft:fly_one_cm":4918},"minecraft:killed":{"minecraft:zombie":1},"minecraft:picked_up":{"minecraft:raw_iron":1,"minecraft:bone":1,"projectvibrantjourneys:fallen_leaves":1,"projectvibrantjourneys:bark_mushroom":3,"minecraft:spruce_log":6,"minecraft:cobblestone":8},"minecraft:crafted":{"minecraft:crafting_table":1,"minecraft:spruce_planks":24,"minecraft:stick":4,"minecraft:wooden_pickaxe":1,"minecraft:stone_pickaxe":1}},"DataVersion":3465}